Genotype,Timepoint,Strain,Diam
Minimal,Evolved,B_1,0.417
Minimal,Evolved,B_1,0.328
Minimal,Evolved,B_1,0.552
Minimal,Evolved,B_1,0.547
Minimal,Evolved,B_1,0.417
Minimal,Evolved,B_1,0.484
Minimal,Evolved,B_1,0.333
Minimal,Evolved,B_1,0.313
Minimal,Evolved,B_1,0.313
Minimal,Evolved,B_1,0.438
Minimal,Evolved,B_1,0.589
Minimal,Evolved,B_1,0.688
Minimal,Evolved,B_1,0.49
Minimal,Evolved,B_1,0.464
Minimal,Evolved,B_1,0.411
Minimal,Evolved,B_1,0.865
Minimal,Evolved,B_1,0.531
Minimal,Evolved,B_1,0.609
Minimal,Evolved,B_1,0.443
Minimal,Evolved,B_1,0.344
Minimal,Evolved,B_1,0.432
Minimal,Evolved,B_1,0.953
Minimal,Evolved,B_1,0.792
Minimal,Evolved,B_1,0.479
Minimal,Evolved,B_1,0.174
Minimal,Evolved,B_1,0.458
Minimal,Evolved,B_1,0.542
Minimal,Evolved,B_1,0.615
Minimal,Evolved,B_1,0.386
Minimal,Evolved,B_1,0.281
Minimal,Evolved,B_1,0.35
Minimal,Evolved,B_1,0.451
Minimal,Evolved,B_1,0.333
Minimal,Evolved,B_1,0.339
Minimal,Evolved,B_1,0.323
Minimal,Evolved,B_1,0.427
Minimal,Evolved,B_1,0.505
Minimal,Evolved,B_1,0.328
Minimal,Evolved,B_1,0.443
Minimal,Evolved,B_1,0.474
Minimal,Evolved,B_1,0.386
Minimal,Evolved,B_1,0.537
Minimal,Evolved,B_1,0.547
Minimal,Evolved,B_1,0.464
Non-minimal,Evolved,s1_1,1.142
Non-minimal,Evolved,s1_1,1.102
Non-minimal,Evolved,s1_1,1.305
Non-minimal,Evolved,s1_1,1.58
Non-minimal,Evolved,s1_1,1.891
Non-minimal,Evolved,s1_1,0.758
Non-minimal,Evolved,s1_1,0.516
Non-minimal,Evolved,s1_1,0.642
Non-minimal,Evolved,s1_1,1.055
Non-minimal,Evolved,s1_1,0.75
Non-minimal,Evolved,s1_1,0.688
Non-minimal,Evolved,s1_1,0.766
Non-minimal,Evolved,s1_1,0.946
Non-minimal,Evolved,s1_1,0.633
Non-minimal,Evolved,s1_1,0.532
Non-minimal,Evolved,s1_1,0.541
Non-minimal,Evolved,s1_1,0.618
Non-minimal,Evolved,s1_1,0.813
Non-minimal,Evolved,s1_1,0.805
Non-minimal,Evolved,s1_1,0.617
Non-minimal,Evolved,s1_1,0.883
Non-minimal,Evolved,s1_1,0.656
Non-minimal,Evolved,s1_1,0.586
Non-minimal,Evolved,s1_1,1.078
Non-minimal,Evolved,s1_1,1.477
Non-minimal,Evolved,s1_1,0.594
Non-minimal,Evolved,s1_1,0.805
Non-minimal,Evolved,s1_1,0.548
Non-minimal,Evolved,s1_1,0.618
Non-minimal,Evolved,s1_1,0.634
Non-minimal,Evolved,s1_1,0.625
Non-minimal,Evolved,s1_1,0.759
Non-minimal,Evolved,s1_1,0.594
Non-minimal,Evolved,s1_1,0.547
Non-minimal,Evolved,s1_1,0.641
Non-minimal,Evolved,s1_1,0.564
Non-minimal,Evolved,s1_1,0.675
Non-minimal,Evolved,s1_1,0.5
Non-minimal,Evolved,s1_1,0.61
Non-minimal,Evolved,s1_1,0.774
Non-minimal,Evolved,s1_1,0.587
Non-minimal,Evolved,s1_1,1.139
Non-minimal,Evolved,s1_1,1.297
Non-minimal,Evolved,s1_1,0.821
Non-minimal,Evolved,s1_1,0.751
Non-minimal,Evolved,s1_1,0.58
Non-minimal,Evolved,s1_1,0.588
Non-minimal,Evolved,s1_1,0.758
Non-minimal,Evolved,s1_1,0.555
Non-minimal,Evolved,s1_1,0.774
Non-minimal,Evolved,s1_1,0.719
Non-minimal,Evolved,s1_1,0.586
Non-minimal,Evolved,s1_1,1.196
Non-minimal,Evolved,s1_1,1.009
Non-minimal,Evolved,s1_1,0.861
Non-minimal,Evolved,s1_1,1.173
Non-minimal,Evolved,s1_1,0.824
Non-minimal,Evolved,s1_1,0.502
Non-minimal,Evolved,s1_1,1.039
Non-minimal,Evolved,s1_1,0.44
Non-minimal,Evolved,s1_1,0.469
Non-minimal,Evolved,s1_1,0.703
Non-minimal,Evolved,s1_1,0.672
Non-minimal,Evolved,s1_1,0.62
Non-minimal,Evolved,s1_1,0.75
Non-minimal,Evolved,s1_1,0.696
Non-minimal,Evolved,s1_1,0.617
Non-minimal,Evolved,s1_1,0.805
Non-minimal,Evolved,s1_1,0.734
Non-minimal,Evolved,s1_1,0.954
Non-minimal,Evolved,s1_1,0.797
Non-minimal,Evolved,s1_1,0.602
Non-minimal,Evolved,s1_1,0.609
Non-minimal,Evolved,s1_1,0.93
Non-minimal,Evolved,s1_1,0.742
Non-minimal,Evolved,s1_1,1.001
Non-minimal,Evolved,s1_1,0.484
Non-minimal,Evolved,s1_1,0.654
Non-minimal,Evolved,s1_1,0.54
Non-minimal,Evolved,s1_1,0.664
Non-minimal,Evolved,s1_1,0.418
Non-minimal,Evolved,s1_1,0.578
Non-minimal,Evolved,s1_1,0.36
Non-minimal,Evolved,s1_1,0.782
Non-minimal,Evolved,s1_1,0.461
Non-minimal,Evolved,s1_1,0.555
Non-minimal,Evolved,s1_1,0.477
Non-minimal,Evolved,s1_1,0.969
Non-minimal,Evolved,s1_1,0.821
Non-minimal,Evolved,s1_1,0.627
Minimal,Evolved,B_5,0.334
Minimal,Evolved,B_5,0.141
Minimal,Evolved,B_5,0.496
Minimal,Evolved,B_5,0.308
Minimal,Evolved,B_5,0.401
Minimal,Evolved,B_5,0.438
Minimal,Evolved,B_5,0.359
Minimal,Evolved,B_5,0.105
Minimal,Evolved,B_5,0.292
Minimal,Evolved,B_5,0.349
Minimal,Evolved,B_5,0.353
Minimal,Evolved,B_5,0.474
Minimal,Evolved,B_5,0.376
Minimal,Evolved,B_5,0.344
Minimal,Evolved,B_5,0.454
Minimal,Evolved,B_5,0.432
Minimal,Evolved,B_5,0.443
Minimal,Evolved,B_5,0.407
Minimal,Evolved,B_5,0.13
Minimal,Evolved,B_5,0.391
Minimal,Evolved,B_5,0.381
Minimal,Evolved,B_5,0.434
Minimal,Evolved,B_5,0.148
Non-minimal,Evolved,s1_6,0.912
Non-minimal,Evolved,s1_6,1.172
Non-minimal,Evolved,s1_6,0.922
Non-minimal,Evolved,s1_6,1.011
Non-minimal,Evolved,s1_6,0.542
Non-minimal,Evolved,s1_6,1.323
Non-minimal,Evolved,s1_6,0.725
Non-minimal,Evolved,s1_6,0.656
Non-minimal,Evolved,s1_6,0.573
Non-minimal,Evolved,s1_6,0.88
Non-minimal,Evolved,s1_6,0.917
Non-minimal,Evolved,s1_6,0.604
Non-minimal,Evolved,s1_6,1.01
Non-minimal,Evolved,s1_6,0.584
Non-minimal,Evolved,s1_6,0.724
Non-minimal,Evolved,s1_6,0.495
Non-minimal,Evolved,s1_6,0.667
Non-minimal,Evolved,s1_6,0.768
Non-minimal,Evolved,s1_6,0.787
Non-minimal,Evolved,s1_6,0.844
Non-minimal,Evolved,s1_6,0.693
Non-minimal,Evolved,s1_6,0.615
Non-minimal,Evolved,s1_6,0.876
Non-minimal,Evolved,s1_6,0.844
Non-minimal,Evolved,s1_6,0.709
Non-minimal,Evolved,s1_6,0.552
Non-minimal,Evolved,s1_6,0.813
Non-minimal,Evolved,s1_6,1.01
Non-minimal,Evolved,s1_6,0.792
Non-minimal,Evolved,s1_6,0.76
Non-minimal,Evolved,s1_6,0.828
Non-minimal,Evolved,s1_6,0.646
Non-minimal,Evolved,s1_6,0.844
Non-minimal,Evolved,s1_6,0.849
Non-minimal,Evolved,s1_6,0.651
Non-minimal,Evolved,s1_6,0.948
Non-minimal,Evolved,s1_6,0.88
Non-minimal,Evolved,s1_6,0.521
Non-minimal,Evolved,s1_6,1
Non-minimal,Evolved,s1_6,0.542
Non-minimal,Evolved,s1_6,0.641
Non-minimal,Evolved,s1_6,0.609
Non-minimal,Evolved,s1_6,0.667
Non-minimal,Evolved,s1_6,0.521
Non-minimal,Evolved,s1_6,0.516
Non-minimal,Evolved,s1_6,0.542
Non-minimal,Evolved,s1_6,0.927
Non-minimal,Evolved,s1_6,0.708
Non-minimal,Evolved,s1_6,0.636
Non-minimal,Evolved,s1_6,0.854
Non-minimal,Evolved,s1_6,0.724
Non-minimal,Evolved,s1_6,0.781
Non-minimal,Evolved,s1_6,0.792
Non-minimal,Evolved,s1_6,0.709
Non-minimal,Evolved,s1_6,0.677
Non-minimal,Evolved,s1_6,0.766
Non-minimal,Evolved,s1_6,0.636
Non-minimal,Evolved,s1_6,0.839
Non-minimal,Evolved,s1_6,0.693
Non-minimal,Evolved,s1_6,0.484
Non-minimal,Evolved,s1_6,0.552
Non-minimal,Evolved,s1_6,0.688
Non-minimal,Evolved,s1_6,0.531
Non-minimal,Evolved,s1_3,0.48
Non-minimal,Evolved,s1_3,0.458
Non-minimal,Evolved,s1_3,0.537
Non-minimal,Evolved,s1_3,0.583
Non-minimal,Evolved,s1_3,0.568
Non-minimal,Evolved,s1_3,0.536
Non-minimal,Evolved,s1_3,0.599
Non-minimal,Evolved,s1_3,0.458
Non-minimal,Evolved,s1_3,0.438
Non-minimal,Evolved,s1_3,0.474
Non-minimal,Evolved,s1_3,0.448
Non-minimal,Evolved,s1_3,0.557
Non-minimal,Evolved,s1_3,0.354
Non-minimal,Evolved,s1_3,0.573
Non-minimal,Evolved,s1_3,0.552
Non-minimal,Evolved,s1_3,0.578
Non-minimal,Evolved,s1_3,0.323
Non-minimal,Evolved,s1_3,0.458
Non-minimal,Evolved,s1_3,0.531
Non-minimal,Evolved,s1_3,0.511
Non-minimal,Evolved,s1_3,0.438
Non-minimal,Evolved,s1_3,0.635
Non-minimal,Evolved,s1_3,0.339
Non-minimal,Evolved,s1_3,0.505
Non-minimal,Evolved,s1_3,1.057
Non-minimal,Evolved,s1_3,0.511
Non-minimal,Evolved,s1_3,0.329
Non-minimal,Evolved,s1_3,0.594
Non-minimal,Evolved,s1_3,0.537
Non-minimal,Evolved,s1_3,0.609
Non-minimal,Evolved,s1_3,0.724
Non-minimal,Evolved,s1_3,0.438
Non-minimal,Evolved,s1_3,0.49
Non-minimal,Evolved,s1_3,0.365
Non-minimal,Evolved,s1_3,0.432
Non-minimal,Evolved,s1_3,0.578
Non-minimal,Evolved,s1_3,0.662
Non-minimal,Evolved,s1_3,0.552
Non-minimal,Evolved,s1_3,0.885
Non-minimal,Evolved,s1_3,0.844
Non-minimal,Evolved,s1_3,0.261
Non-minimal,Evolved,s1_3,0.448
Non-minimal,Evolved,s1_3,0.453
Non-minimal,Evolved,s1_3,0.594
Non-minimal,Evolved,s1_3,0.427
Non-minimal,Evolved,s1_3,0.438
Non-minimal,Evolved,s1_3,0.479
Non-minimal,Evolved,s1_3,0.615
Non-minimal,Evolved,s1_3,0.276
Non-minimal,Evolved,s1_3,0.516
Non-minimal,Evolved,s1_3,0.521
Non-minimal,Evolved,s1_3,0.484
Non-minimal,Evolved,s1_3,0.625
Non-minimal,Evolved,s1_3,0.5
Non-minimal,Evolved,s1_3,0.609
Non-minimal,Evolved,s1_3,0.631
Minimal,Evolved,B_2,0.203
Minimal,Evolved,B_2,0.406
Minimal,Evolved,B_2,0.36
Minimal,Evolved,B_2,0.13
Minimal,Evolved,B_2,0.307
Minimal,Evolved,B_2,0.184
Minimal,Evolved,B_2,0.282
Minimal,Evolved,B_2,0.344
Minimal,Evolved,B_2,0.261
Minimal,Evolved,B_2,0.318
Minimal,Evolved,B_2,0.333
Minimal,Evolved,B_2,0.365
Minimal,Evolved,B_2,0.5
Minimal,Evolved,B_2,0.365
Minimal,Evolved,B_2,0.323
Minimal,Evolved,B_2,0.313
Minimal,Evolved,B_2,0.349
Minimal,Evolved,B_2,0.328
Minimal,Evolved,B_2,0.157
Minimal,Evolved,B_2,0.299
Minimal,Evolved,B_2,0.417
Minimal,Evolved,B_2,0.391
Minimal,Evolved,B_2,0.339
Minimal,Evolved,B_2,0.328
Minimal,Evolved,B_2,0.359
Minimal,Evolved,B_2,0.583
Minimal,Evolved,B_2,0.276
Minimal,Evolved,B_2,0.24
Minimal,Evolved,B_2,0.194
Minimal,Evolved,B_2,0.37
Minimal,Evolved,B_2,0.101
Minimal,Evolved,B_2,0.448
Minimal,Evolved,B_2,0.23
Minimal,Evolved,B_2,0.349
Minimal,Evolved,B_2,0.406
Minimal,Evolved,B_2,0.354
Minimal,Evolved,B_2,0.183
Minimal,Evolved,B_2,0.391
Minimal,Evolved,B_2,0.308
Minimal,Evolved,B_2,0.245
Minimal,Evolved,B_2,0.13
Minimal,Evolved,B_2,0.208
Minimal,Evolved,B_2,0.125
Minimal,Mutant,B_ftsZ,0.312
Minimal,Mutant,B_ftsZ,0.26
Minimal,Mutant,B_ftsZ,0.177
Minimal,Mutant,B_ftsZ,0.312
Minimal,Mutant,B_ftsZ,0.359
Minimal,Mutant,B_ftsZ,0.298
Minimal,Mutant,B_ftsZ,0.396
Minimal,Mutant,B_ftsZ,0.302
Minimal,Mutant,B_ftsZ,0.432
Minimal,Mutant,B_ftsZ,0.234
Minimal,Mutant,B_ftsZ,0.25
Minimal,Mutant,B_ftsZ,0.208
Minimal,Mutant,B_ftsZ,0.245
Minimal,Mutant,B_ftsZ,0.172
Minimal,Mutant,B_ftsZ,0.411
Minimal,Mutant,B_ftsZ,0.297
Minimal,Mutant,B_ftsZ,0.224
Minimal,Mutant,B_ftsZ,0.146
Minimal,Mutant,B_ftsZ,0.132
Minimal,Mutant,B_ftsZ,0.141
Minimal,Mutant,B_ftsZ,0.162
Minimal,Mutant,B_ftsZ,0.307
Minimal,Mutant,B_ftsZ,0.169
Minimal,Mutant,B_ftsZ,0.271
Minimal,Mutant,B_ftsZ,0.167
Minimal,Mutant,B_ftsZ,0.272
Minimal,Mutant,B_ftsZ,0.214
Minimal,Mutant,B_ftsZ,0.125
Minimal,Mutant,B_ftsZ,0.255
Minimal,Mutant,B_ftsZ,0.15
Minimal,Mutant,B_ftsZ,0.132
Minimal,Mutant,B_ftsZ,0.268
Minimal,Mutant,B_ftsZ,0.422
Minimal,Mutant,B_ftsZ,0.318
Minimal,Mutant,B_ftsZ,0.255
Minimal,Mutant,B_ftsZ,0.354
Minimal,Mutant,B_ftsZ,0.164
Minimal,Mutant,B_ftsZ,0.188
Minimal,Mutant,B_ftsZ,0.183
Minimal,Mutant,B_ftsZ,0.276
Minimal,Mutant,B_ftsZ,0.344
Minimal,Mutant,B_ftsZ,0.24
Minimal,Mutant,B_ftsZ,0.211
Minimal,Mutant,B_ftsZ,0.344
Minimal,Mutant,B_ftsZ,0.245
Minimal,Mutant,B_ftsZ,0.12
Minimal,Mutant,B_ftsZ,0.151
Minimal,Mutant,B_ftsZ,0.271
Minimal,Mutant,B_ftsZ,0.163
Minimal,Mutant,B_ftsZ,0.276
Minimal,Ancestor,B_anc,0.266
Minimal,Ancestor,B_anc,0.172
Minimal,Ancestor,B_anc,0.229
Minimal,Ancestor,B_anc,0.266
Minimal,Ancestor,B_anc,0.224
Minimal,Ancestor,B_anc,0.132
Minimal,Ancestor,B_anc,0.474
Minimal,Ancestor,B_anc,0.24
Minimal,Ancestor,B_anc,0.161
Minimal,Ancestor,B_anc,0.453
Minimal,Ancestor,B_anc,0.412
Minimal,Ancestor,B_anc,0.115
Minimal,Ancestor,B_anc,0.322
Minimal,Ancestor,B_anc,0.183
Minimal,Ancestor,B_anc,0.157
Minimal,Ancestor,B_anc,0.407
Minimal,Ancestor,B_anc,0.152
Minimal,Ancestor,B_anc,0.137
Minimal,Ancestor,B_anc,0.417
Minimal,Ancestor,B_anc,0.174
Minimal,Ancestor,B_anc,0.13
Minimal,Ancestor,B_anc,0.499
Minimal,Ancestor,B_anc,0.307
Minimal,Ancestor,B_anc,0.178
Minimal,Ancestor,B_anc,0.458
Minimal,Ancestor,B_anc,0.219
Minimal,Ancestor,B_anc,0.14
Minimal,Ancestor,B_anc,0.167
Minimal,Ancestor,B_anc,0.385
Minimal,Ancestor,B_anc,0.292
Minimal,Ancestor,B_anc,0.146
Minimal,Ancestor,B_anc,0.169
Minimal,Ancestor,B_anc,0.25
Minimal,Ancestor,B_anc,0.173
Minimal,Ancestor,B_anc,0.292
Minimal,Ancestor,B_anc,0.276
Minimal,Ancestor,B_anc,0.271
Minimal,Ancestor,B_anc,0.313
Minimal,Ancestor,B_anc,0.458
Minimal,Ancestor,B_anc,0.26
Minimal,Ancestor,B_anc,0.292
Minimal,Ancestor,B_anc,0.292
Minimal,Ancestor,B_anc,0.287
Minimal,Ancestor,B_anc,0.375
Minimal,Ancestor,B_anc,0.276
Minimal,Ancestor,B_anc,0.37
Minimal,Ancestor,B_anc,0.313
Minimal,Ancestor,B_anc,0.318
Minimal,Ancestor,B_anc,0.396
Minimal,Ancestor,B_anc,0.393
Minimal,Ancestor,B_anc,0.344
Minimal,Ancestor,B_anc,0.209
Minimal,Ancestor,B_anc,0.234
Minimal,Ancestor,B_anc,0.146
Minimal,Ancestor,B_anc,0.533
Minimal,Ancestor,B_anc,0.439
Minimal,Ancestor,B_anc,0.522
Minimal,Ancestor,B_anc,0.38
Minimal,Ancestor,B_anc,0.579
Minimal,Ancestor,B_anc,0.417
Minimal,Ancestor,B_anc,0.318
Minimal,Ancestor,B_anc,0.386
Minimal,Ancestor,B_anc,0.35
Minimal,Ancestor,B_anc,0.453
Minimal,Ancestor,B_anc,0.151
Minimal,Ancestor,B_anc,0.307
Minimal,Ancestor,B_anc,0.396
Minimal,Ancestor,B_anc,0.432
Minimal,Ancestor,B_anc,0.271
Minimal,Ancestor,B_anc,0.427
Minimal,Ancestor,B_anc,0.375
Minimal,Ancestor,B_anc,0.281
Minimal,Ancestor,B_anc,0.292
Minimal,Ancestor,B_anc,0.458
Minimal,Ancestor,B_anc,0.38
Non-minimal,Evolved,s1_4,0.87
Non-minimal,Evolved,s1_4,0.615
Non-minimal,Evolved,s1_4,0.792
Non-minimal,Evolved,s1_4,0.703
Non-minimal,Evolved,s1_4,0.698
Non-minimal,Evolved,s1_4,0.742
Non-minimal,Evolved,s1_4,0.49
Non-minimal,Evolved,s1_4,0.682
Non-minimal,Evolved,s1_4,0.615
Non-minimal,Evolved,s1_4,0.641
Non-minimal,Evolved,s1_4,0.672
Non-minimal,Evolved,s1_4,0.594
Non-minimal,Evolved,s1_4,0.781
Non-minimal,Evolved,s1_4,0.746
Non-minimal,Evolved,s1_4,0.552
Non-minimal,Evolved,s1_4,0.615
Non-minimal,Evolved,s1_4,0.693
Non-minimal,Evolved,s1_4,0.656
Non-minimal,Evolved,s1_4,0.725
Non-minimal,Evolved,s1_4,0.558
Non-minimal,Evolved,s1_4,0.891
Non-minimal,Evolved,s1_4,0.547
Non-minimal,Evolved,s1_4,0.771
Non-minimal,Evolved,s1_4,0.646
Non-minimal,Evolved,s1_4,0.667
Non-minimal,Evolved,s1_4,0.703
Non-minimal,Evolved,s1_4,0.839
Non-minimal,Evolved,s1_4,0.781
Non-minimal,Evolved,s1_4,0.615
Non-minimal,Evolved,s1_4,0.824
Non-minimal,Evolved,s1_4,1.458
Non-minimal,Evolved,s1_4,1.188
Non-minimal,Evolved,s1_4,1.553
Non-minimal,Evolved,s1_4,1.626
Non-minimal,Evolved,s1_4,1.472
Non-minimal,Evolved,s1_4,0.865
Non-minimal,Evolved,s1_4,1.552
Non-minimal,Evolved,s1_4,1.615
Non-minimal,Evolved,s1_4,1.708
Non-minimal,Evolved,s1_4,0.917
Non-minimal,Evolved,s1_4,0.908
Non-minimal,Evolved,s1_4,1.605
Non-minimal,Evolved,s1_4,1.563
Non-minimal,Evolved,s1_4,2.229
Non-minimal,Evolved,s1_4,1.615
Non-minimal,Evolved,s1_4,1.438
Non-minimal,Evolved,s1_4,1.188
Non-minimal,Evolved,s1_4,1.573
Non-minimal,Evolved,s1_4,1.771
Non-minimal,Evolved,s1_4,1.844
Non-minimal,Evolved,s1_4,1.417
Non-minimal,Evolved,s1_4,2.042
Non-minimal,Evolved,s1_4,1.167
Non-minimal,Evolved,s1_4,1.209
Non-minimal,Evolved,s1_4,1.188
Non-minimal,Evolved,s1_4,2.333
Non-minimal,Evolved,s1_4,2.146
Non-minimal,Evolved,s1_4,1.828
Non-minimal,Evolved,s1_4,1.834
Non-minimal,Evolved,s1_4,1
Non-minimal,Evolved,s1_4,1.36
Non-minimal,Evolved,s1_4,1.959
Non-minimal,Evolved,s1_4,1.849
Non-minimal,Evolved,s1_4,2.12
Non-minimal,Evolved,s1_4,0.948
Non-minimal,Evolved,s1_4,1.714
Non-minimal,Evolved,s1_4,0.833
Non-minimal,Evolved,s1_4,1.229
Non-minimal,Evolved,s1_4,0.906
Non-minimal,Evolved,s1_4,1.083
Non-minimal,Evolved,s1_4,0.969
Non-minimal,Evolved,s1_4,1.135
Non-minimal,Evolved,s1_4,0.98
Non-minimal,Evolved,s1_4,1.302
Non-minimal,Evolved,s1_4,0.782
Non-minimal,Evolved,s1_4,0.938
Non-minimal,Mutant,s1_ftsZ,0.432
Non-minimal,Mutant,s1_ftsZ,0.349
Non-minimal,Mutant,s1_ftsZ,0.453
Non-minimal,Mutant,s1_ftsZ,0.558
Non-minimal,Mutant,s1_ftsZ,0.594
Non-minimal,Mutant,s1_ftsZ,0.557
Non-minimal,Mutant,s1_ftsZ,0.75
Non-minimal,Mutant,s1_ftsZ,0.599
Non-minimal,Mutant,s1_ftsZ,0.677
Non-minimal,Mutant,s1_ftsZ,0.63
Non-minimal,Mutant,s1_ftsZ,0.703
Non-minimal,Mutant,s1_ftsZ,0.609
Non-minimal,Mutant,s1_ftsZ,0.589
Non-minimal,Mutant,s1_ftsZ,0.562
Non-minimal,Mutant,s1_ftsZ,0.615
Non-minimal,Mutant,s1_ftsZ,0.464
Non-minimal,Mutant,s1_ftsZ,0.61
Non-minimal,Mutant,s1_ftsZ,0.401
Non-minimal,Mutant,s1_ftsZ,0.484
Non-minimal,Mutant,s1_ftsZ,0.552
Non-minimal,Mutant,s1_ftsZ,0.547
Non-minimal,Mutant,s1_ftsZ,0.448
Non-minimal,Mutant,s1_ftsZ,0.307
Non-minimal,Mutant,s1_ftsZ,0.599
Non-minimal,Mutant,s1_ftsZ,0.469
Non-minimal,Mutant,s1_ftsZ,0.469
Non-minimal,Mutant,s1_ftsZ,0.444
Non-minimal,Mutant,s1_ftsZ,0.661
Non-minimal,Mutant,s1_ftsZ,0.432
Non-minimal,Mutant,s1_ftsZ,0.578
Non-minimal,Mutant,s1_ftsZ,0.573
Non-minimal,Mutant,s1_ftsZ,0.495
Non-minimal,Mutant,s1_ftsZ,0.438
Non-minimal,Mutant,s1_ftsZ,0.849
Non-minimal,Mutant,s1_ftsZ,0.698
Non-minimal,Mutant,s1_ftsZ,0.5
Non-minimal,Mutant,s1_ftsZ,0.688
Non-minimal,Mutant,s1_ftsZ,0.495
Non-minimal,Mutant,s1_ftsZ,0.646
Non-minimal,Mutant,s1_ftsZ,0.442
Non-minimal,Mutant,s1_ftsZ,0.5
Non-minimal,Mutant,s1_ftsZ,0.599
Non-minimal,Mutant,s1_ftsZ,0.674
Non-minimal,Mutant,s1_ftsZ,0.625
Non-minimal,Mutant,s1_ftsZ,0.526
Non-minimal,Mutant,s1_ftsZ,0.542
Non-minimal,Mutant,s1_ftsZ,0.459
Non-minimal,Mutant,s1_ftsZ,0.344
Non-minimal,Mutant,s1_ftsZ,0.448
Non-minimal,Mutant,s1_ftsZ,0.74
Non-minimal,Mutant,s1_ftsZ,0.818
Non-minimal,Mutant,s1_ftsZ,0.448
Non-minimal,Mutant,s1_ftsZ,0.414
Non-minimal,Mutant,s1_ftsZ,0.5
Non-minimal,Mutant,s1_ftsZ,0.542
Non-minimal,Mutant,s1_ftsZ,0.615
Non-minimal,Mutant,s1_ftsZ,0.735
Non-minimal,Mutant,s1_ftsZ,0.396
Minimal,Evolved,B_3,0.443
Minimal,Evolved,B_3,0.387
Minimal,Evolved,B_3,0.423
Minimal,Evolved,B_3,0.474
Minimal,Evolved,B_3,0.496
Minimal,Evolved,B_3,0.292
Minimal,Evolved,B_3,0.354
Minimal,Evolved,B_3,0.412
Minimal,Evolved,B_3,0.401
Minimal,Evolved,B_3,0.376
Minimal,Evolved,B_3,0.417
Minimal,Evolved,B_3,0.38
Minimal,Evolved,B_3,0.37
Minimal,Evolved,B_3,0.36
Minimal,Evolved,B_3,0.37
Minimal,Evolved,B_3,0.377
Minimal,Evolved,B_3,0.432
Minimal,Evolved,B_3,0.542
Minimal,Evolved,B_3,0.292
Minimal,Evolved,B_3,0.521
Minimal,Evolved,B_3,0.406
Minimal,Evolved,B_3,0.349
Minimal,Evolved,B_3,0.354
Minimal,Evolved,B_3,0.318
Minimal,Evolved,B_3,0.287
Minimal,Evolved,B_3,0.417
Minimal,Evolved,B_3,0.474
Minimal,Evolved,B_3,0.427
Minimal,Evolved,B_3,0.355
Minimal,Evolved,B_3,0.428
Minimal,Evolved,B_3,0.438
Minimal,Evolved,B_3,0.343
Minimal,Evolved,B_3,0.136
Minimal,Evolved,B_3,0.231
Minimal,Evolved,B_3,0.32
Minimal,Evolved,B_3,0.537
Minimal,Evolved,B_3,0.13
Minimal,Evolved,B_3,0.361
Minimal,Evolved,B_3,0.355
Minimal,Evolved,B_3,0.365
Minimal,Evolved,B_3,0.464
Non-minimal,Ancestor,s1_anc,0.427
Non-minimal,Ancestor,s1_anc,0.417
Non-minimal,Ancestor,s1_anc,0.423
Non-minimal,Ancestor,s1_anc,0.391
Non-minimal,Ancestor,s1_anc,0.45
Non-minimal,Ancestor,s1_anc,0.365
Non-minimal,Ancestor,s1_anc,0.469
Non-minimal,Ancestor,s1_anc,0.349
Non-minimal,Ancestor,s1_anc,0.729
Non-minimal,Ancestor,s1_anc,0.642
Non-minimal,Ancestor,s1_anc,0.615
Non-minimal,Ancestor,s1_anc,0.411
Non-minimal,Ancestor,s1_anc,0.386
Non-minimal,Ancestor,s1_anc,0.417
Non-minimal,Ancestor,s1_anc,0.438
Non-minimal,Ancestor,s1_anc,0.354
Non-minimal,Ancestor,s1_anc,0.443
Non-minimal,Ancestor,s1_anc,0.448
Non-minimal,Ancestor,s1_anc,0.474
Non-minimal,Ancestor,s1_anc,0.453
Non-minimal,Ancestor,s1_anc,0.127
Non-minimal,Ancestor,s1_anc,0.585
Non-minimal,Ancestor,s1_anc,0.305
Non-minimal,Ancestor,s1_anc,0.49
Non-minimal,Ancestor,s1_anc,0.459
Non-minimal,Ancestor,s1_anc,0.469
Non-minimal,Ancestor,s1_anc,0.286
Non-minimal,Ancestor,s1_anc,0.412
Non-minimal,Ancestor,s1_anc,0.495
Non-minimal,Ancestor,s1_anc,0.552
Non-minimal,Ancestor,s1_anc,0.464
Non-minimal,Ancestor,s1_anc,0.458
Non-minimal,Ancestor,s1_anc,0.172
Non-minimal,Ancestor,s1_anc,0.458
Non-minimal,Ancestor,s1_anc,0.427
Non-minimal,Ancestor,s1_anc,0.443
Non-minimal,Ancestor,s1_anc,0.448
Non-minimal,Ancestor,s1_anc,0.61
Non-minimal,Ancestor,s1_anc,0.328
Non-minimal,Ancestor,s1_anc,0.521
Non-minimal,Ancestor,s1_anc,0.646
Non-minimal,Ancestor,s1_anc,0.313
Non-minimal,Ancestor,s1_anc,0.558
Non-minimal,Ancestor,s1_anc,0.428
Non-minimal,Ancestor,s1_anc,0.406
Non-minimal,Ancestor,s1_anc,0.542
Non-minimal,Ancestor,s1_anc,0.453
Non-minimal,Ancestor,s1_anc,0.511
Non-minimal,Ancestor,s1_anc,0.427
Non-minimal,Ancestor,s1_anc,0.427
Non-minimal,Ancestor,s1_anc,0.464
Non-minimal,Ancestor,s1_anc,0.37
Non-minimal,Ancestor,s1_anc,0.333
Non-minimal,Ancestor,s1_anc,0.458
Non-minimal,Ancestor,s1_anc,0.469
Non-minimal,Ancestor,s1_anc,0.334
Non-minimal,Ancestor,s1_anc,0.396
Non-minimal,Ancestor,s1_anc,0.443
Non-minimal,Ancestor,s1_anc,0.438
Non-minimal,Ancestor,s1_anc,0.386
Non-minimal,Ancestor,s1_anc,0.417
Non-minimal,Ancestor,s1_anc,0.407
